{
  "project_info": {
    "project_number": "554117688025",
    "project_id": "project-902a1",
    "storage_bucket": "project-902a1.appspot.com"
  },
  "client": [
    {
      "client_info": {
        "mobilesdk_app_id": "1:554117688025:android:2852b3fd5c321922ffacc8",
        "android_client_info": {
          "package_name": "com.example.project"
        }
      },
      "oauth_client": [
        {
          "client_id": "554117688025-5s3j201tfm80k48c7fr1rgilaj2qdjrg.apps.googleusercontent.com",
          "client_type": 3
        }
      ],
      "api_key": [
        {
          "current_key": "AIzaSyA2zFY3gjYcyxaw2bAOa-e4uo7pZ7uIu1g"
        }
      ],
      "services": {
        "appinvite_service": {
          "other_platform_oauth_client": [
            {
              "client_id": "554117688025-5s3j201tfm80k48c7fr1rgilaj2qdjrg.apps.googleusercontent.com",
              "client_type": 3
            }
          ]
        }
      }
    }
  ],
  "configuration_version": "1"
}